<?xml version="1.0" encoding="UTF-8"?><ValueSet xmlns="http://hl7.org/fhir"><id value="sdohcc-sctt-vs-8e8bc50a-bb9d-1753-2461-2419df70cef8"/><meta><versionId value="2"/><lastUpdated value="2020-01-27T11:10:02.000-05:00"/></meta><text><status value="generated"/><div xmlns="http://www.w3.org/1999/xhtml"><h2>sdohcc_ValueSet_FoodInsecurity_1</h2><p>This value set includes codes from the following code systems:</p><ul><li>Include these codes as defined in <a href="http://www.snomed.org/"><code>http://snomed.info/sct</code></a><table class="none"><tr><td style="white-space:nowrap"><b>Code</b></td><td><b>Display</b></td></tr><tr><td><a href="http://browser.ihtsdotools.org/?perspective=full&amp;conceptId1=733423003">733423003</a></td><td>Food insecurity (finding)</td><td/></tr><tr><td><a href="http://browser.ihtsdotools.org/?perspective=full&amp;conceptId1=sdohcc-sctt-21000243108">sdohcc-sctt-21000243108</a></td><td>Mild food insecurity (finding)</td><td/></tr><tr><td><a href="http://browser.ihtsdotools.org/?perspective=full&amp;conceptId1=sdohcc-sctt-31000243105">sdohcc-sctt-31000243105</a></td><td>Moderate food insecurity (finding)</td><td/></tr><tr><td><a href="http://browser.ihtsdotools.org/?perspective=full&amp;conceptId1=sdohcc-sctt-41000243104">sdohcc-sctt-41000243104</a></td><td>Severe food insecurity (finding)</td><td/></tr></table></li></ul></div></text><url value="https://trifolia-fhir-dev.lantanagroup.com/lantana_prod_hapi_r4/SDOH-CC/ValueSet/sdohcc-sctt-vs-8e8bc50a-bb9d-1753-2461-2419df70cef8"/><version value="0.0.2"/><name value="sdohcc_ValueSet_FoodInsecurity_1"/><status value="draft"/><date value="2020-02-10T13:52:44-05:00"/><compose><include><system value="http://snomed.info/sct"/><version value="11000243100"/><concept><code value="733423003"/><display value="Food insecurity (finding)"/></concept><concept><code value="sdohcc-sctt-21000243108"/><display value="Mild food insecurity (finding)"/></concept><concept><code value="sdohcc-sctt-31000243105"/><display value="Moderate food insecurity (finding)"/></concept><concept><code value="sdohcc-sctt-41000243104"/><display value="Severe food insecurity (finding)"/></concept></include></compose></ValueSet>