{
  "resourceType": "ValueSet",
  "id": "sdohcc-sctt-vs-8e8bc50a-bb9d-1753-2461-2419df70cef8",
  "meta": {
    "versionId": "6",
    "lastUpdated": "2020-03-19T14:38:32.072+00:00",
    "source": "#ajG4942fNk5Oznbt"
  },
  "text": {
    "status": "generated",
    "div": "<div xmlns=\"http://www.w3.org/1999/xhtml\"><h2>Sdohcc_ValueSet_FoodInsecurity_1</h2><ul><li>Include these codes as defined in <a href=\"CodeSystem-sdohcc-temporary-codes.html\"><code>http://hl7.org/fhir/us/sdoh-cc/CodeSystem/sdohcc-temporary-codes</code></a> version <code>0.0.3</code><table class=\"none\"><tr><td style=\"white-space:nowrap\"><b>Code</b></td><td><b>Display</b></td></tr><tr><td><a href=\"CodeSystem-sdohcc-temporary-codes.html#sdohcc-temporary-codes-733423003\">733423003</a></td><td>Food insecurity (finding)</td><td/></tr><tr><td><a href=\"CodeSystem-sdohcc-temporary-codes.html#sdohcc-temporary-codes-sdohcc-sctt-21000243108\">sdohcc-sctt-21000243108</a></td><td>Mild food insecurity (finding)</td><td>TBD:  Gravity Content Team</td></tr><tr><td><a href=\"CodeSystem-sdohcc-temporary-codes.html#sdohcc-temporary-codes-sdohcc-sctt-31000243105\">sdohcc-sctt-31000243105</a></td><td>Moderate food insecurity (finding)</td><td>TBD: Gravity Content Team</td></tr><tr><td><a href=\"CodeSystem-sdohcc-temporary-codes.html#sdohcc-temporary-codes-sdohcc-sctt-41000243104\">sdohcc-sctt-41000243104</a></td><td>Severe food insecurity (finding)</td><td>TBD: Gravity Content Team</td></tr></table></li></ul></div>"
  },
  "url": "http://hl7.org/fhir/us/sdoh-cc/ValueSet/sdohcc-sctt-vs-8e8bc50a-bb9d-1753-2461-2419df70cef8",
  "version": "0.0.3",
  "name": "Sdohcc_ValueSet_FoodInsecurity_1",
  "title": "Sdohcc_ValueSet_FoodInsecurity_1",
  "status": "draft",
  "date": "2020-03-19T15:18:18+00:00",
  "compose": {
    "include": [
      {
        "system": "http://hl7.org/fhir/us/sdoh-cc/CodeSystem/sdohcc-temporary-codes",
        "version": "0.0.3",
        "concept": [
          {
            "code": "733423003",
            "display": "Food insecurity (finding)"
          },
          {
            "code": "sdohcc-sctt-21000243108",
            "display": "Mild food insecurity (finding)"
          },
          {
            "code": "sdohcc-sctt-31000243105",
            "display": "Moderate food insecurity (finding)"
          },
          {
            "code": "sdohcc-sctt-41000243104",
            "display": "Severe food insecurity (finding)"
          }
        ]
      }
    ]
  }
}